Attack Type,Utility Count,Utility Total,Utility Ratio,Security Count,Security Total,Security Ratio
type_i_a_parameter_override,25,117,0.21367521367521367,103,117,0.8803418803418803
type_i_b_postaction_dependency,21,40,0.525,16,40,0.4
type_i_b_prerequisite_dependency,37,40,0.925,0,40,0.0
type_ii_a_short_circuit_reasoning,28,34,0.8235294117647058,4,34,0.11764705882352941
type_ii_b_induced_parameter,7,31,0.22580645161290322,21,31,0.6774193548387096
type_iii_a_sop_exfiltration,22,41,0.5365853658536586,16,41,0.3902439024390244
type_i_b (merged),58,80,0.725,16,80,0.2
Overall,140,303,0.46204620462046203,160,303,0.528052805280528
