Category,Utility Count,Utility Total,Utility Ratio,Security Count,Security Total,Security Ratio
Goal Misalignment,25,117,0.21367521367521367,103,117,0.8803418803418803
Reasoning Distortion,86,114,0.7543859649122807,20,114,0.17543859649122806
Perception Manipulation,29,72,0.4027777777777778,37,72,0.5138888888888888
Overall,140,303,0.46204620462046203,160,303,0.528052805280528
