Category,Utility Count,Utility Total,Utility Ratio,Security Count,Security Total,Security Ratio
Goal Misalignment,1,21,0.047619047619047616,18,21,0.8571428571428571
Reasoning Distortion,41,53,0.7735849056603774,42,53,0.7924528301886793
Perception Manipulation,13,56,0.23214285714285715,40,56,0.7142857142857143
Overall,55,130,0.4230769230769231,100,130,0.7692307692307693
