Category,Utility Count,Utility Total,Utility Ratio,Security Count,Security Total,Security Ratio
Goal Misalignment,18,117,0.15384615384615385,101,117,0.8632478632478633
Reasoning Distortion,93,114,0.8157894736842105,4,114,0.03508771929824561
Perception Manipulation,28,72,0.3888888888888889,19,72,0.2638888888888889
Overall,139,303,0.45874587458745875,124,303,0.40924092409240925
