Category,Utility Count,Utility Total,Utility Ratio,Security Count,Security Total,Security Ratio
Goal Misalignment,25,117,0.21367521367521367,103,117,0.8803418803418803
Reasoning Distortion,51,114,0.4473684210526316,60,114,0.5263157894736842
Perception Manipulation,29,72,0.4027777777777778,37,72,0.5138888888888888
Overall,105,303,0.3465346534653465,200,303,0.6600660066006601
