Category,Utility Count,Utility Total,Utility Ratio,Security Count,Security Total,Security Ratio
Goal Misalignment,26,174,0.14942528735632185,153,174,0.8793103448275862
Reasoning Distortion,156,275,0.5672727272727273,119,275,0.43272727272727274
Perception Manipulation,69,360,0.19166666666666668,62,360,0.17222222222222222
Overall,251,809,0.31025957972805934,334,809,0.41285537700865266
