Category,Utility Count,Utility Total,Utility Ratio,Security Count,Security Total,Security Ratio
Goal Misalignment,32,174,0.1839080459770115,154,174,0.8850574712643678
Reasoning Distortion,175,275,0.6363636363636364,140,275,0.509090909090909
Perception Manipulation,64,360,0.17777777777777778,273,360,0.7583333333333333
Overall,271,809,0.33498145859085293,567,809,0.7008652657601978
