Category,Utility Count,Utility Total,Utility Ratio,Security Count,Security Total,Security Ratio
Goal Misalignment,32,174,0.1839080459770115,154,174,0.8850574712643678
Reasoning Distortion,140,275,0.509090909090909,180,275,0.6545454545454545
Perception Manipulation,64,360,0.17777777777777778,273,360,0.7583333333333333
Overall,236,809,0.29171817058096416,607,809,0.7503090234857849
